{"cameraMode":{"drawMode":0,"name":"Shaded","section":"Shading Mode"},"sceneLighting":true,"audioPlay":false,"sceneViewState":{"showFog":true,"showMaterialUpdate":true,"showSkybox":true,"showFlares":true,"showImageEffects":true,"showParticleSystems":true},"in2DMode":false,"pivot":{"x":-0.9652760624885559,"y":3.1981923580169679,"z":4.030198574066162},"rotation":{"x":-0.14825154840946198,"y":-0.017558490857481958,"z":0.0026775039732456209,"w":-0.9888659119606018},"size":1.3131564855575562,"orthographic":false}