{"cameraMode":{"drawMode":0,"name":"Shaded","section":"Shading Mode"},"sceneLighting":false,"audioPlay":false,"sceneViewState":{"showFog":true,"showMaterialUpdate":true,"showSkybox":false,"showFlares":true,"showImageEffects":true,"showParticleSystems":true},"in2DMode":false,"pivot":{"x":-18.559999465942384,"y":2.5779099464416506,"z":11.84000015258789},"rotation":{"x":-0.10798262059688568,"y":0.32077521085739138,"z":-0.03678067773580551,"w":-0.9403502345085144},"size":1.1899912357330323,"orthographic":false}