{"cameraMode":{"drawMode":0,"name":"Shaded","section":"Shading Mode"},"sceneLighting":true,"audioPlay":false,"sceneViewState":{"showFog":true,"showMaterialUpdate":true,"showSkybox":true,"showFlares":true,"showImageEffects":true,"showParticleSystems":true},"in2DMode":false,"pivot":{"x":2.652980089187622,"y":2.578749179840088,"z":1.0483033657073975},"rotation":{"x":0.08421064913272858,"y":0.015010274946689606,"z":-0.0012903825845569373,"w":0.9964049458503723},"size":2.9219553470611574,"orthographic":false}