{"cameraMode":{"drawMode":0,"name":"Shaded","section":"Shading Mode"},"sceneLighting":true,"audioPlay":false,"sceneViewState":{"showFog":true,"showMaterialUpdate":true,"showSkybox":false,"showFlares":true,"showImageEffects":true,"showParticleSystems":true},"in2DMode":false,"pivot":{"x":-7.817985534667969,"y":-7.830435276031494,"z":-16.59101676940918},"rotation":{"x":0.03673836216330528,"y":-0.96328204870224,"z":0.18275780975818635,"w":0.1935843527317047},"size":12.12435531616211,"orthographic":false}