{"cameraMode":{"drawMode":0,"name":"Shaded","section":"Shading Mode"},"sceneLighting":false,"audioPlay":false,"sceneViewState":{"showFog":true,"showMaterialUpdate":true,"showSkybox":false,"showFlares":true,"showImageEffects":true,"showParticleSystems":true},"in2DMode":false,"pivot":{"x":-4.250145435333252,"y":1.1239256858825684,"z":0.12901785969734193},"rotation":{"x":-0.1997382491827011,"y":-0.7846118807792664,"z":0.3173232972621918,"w":-0.49391257762908938},"size":0.3561724126338959,"orthographic":false}