{"cameraMode":{"drawMode":0,"name":"Shaded","section":"Shading Mode"},"sceneLighting":false,"audioPlay":false,"sceneViewState":{"showFog":true,"showMaterialUpdate":true,"showSkybox":false,"showFlares":true,"showImageEffects":true,"showParticleSystems":true},"in2DMode":false,"pivot":{"x":127.9025650024414,"y":-76.09248352050781,"z":0.2583417296409607},"rotation":{"x":-0.1769178956747055,"y":-0.6967654228210449,"z":0.18387018144130708,"w":-0.6704837083816528},"size":86.16267395019531,"orthographic":false}