{"cameraMode":{"drawMode":0,"name":"Shaded","section":"Shading Mode"},"sceneLighting":true,"audioPlay":false,"sceneViewState":{"showFog":true,"showMaterialUpdate":true,"showSkybox":true,"showFlares":true,"showImageEffects":true,"showParticleSystems":true},"in2DMode":false,"pivot":{"x":-4.844394683837891,"y":-2.934087038040161,"z":9.622464179992676},"rotation":{"x":-0.21170900762081147,"y":0.0016851231921464205,"z":-0.00031487768865190446,"w":-0.9773749709129334},"size":10.0,"orthographic":false}