{"cameraMode":{"drawMode":0,"name":"Shaded","section":"Shading Mode"},"sceneLighting":true,"audioPlay":false,"sceneViewState":{"showFog":true,"showMaterialUpdate":true,"showSkybox":true,"showFlares":true,"showImageEffects":true,"showParticleSystems":true},"in2DMode":false,"pivot":{"x":-3.7700929641723635,"y":3.4818763732910158,"z":-0.030461788177490236},"rotation":{"x":-0.3087007701396942,"y":0.0022530409041792156,"z":-0.0006365665467455983,"w":-0.951202929019928},"size":4.30021333694458,"orthographic":false}