{"cameraMode":{"drawMode":0,"name":"Shaded","section":"Shading Mode"},"sceneLighting":true,"audioPlay":false,"sceneViewState":{"showFog":true,"showMaterialUpdate":true,"showSkybox":true,"showFlares":true,"showImageEffects":true,"showParticleSystems":true},"in2DMode":false,"pivot":{"x":-15.510780334472657,"y":-0.54876708984375,"z":13.892143249511719},"rotation":{"x":0.2641579806804657,"y":-0.00804727803915739,"z":0.0021591661497950556,"w":0.9645402431488037},"size":6.192272663116455,"orthographic":false}