{"cameraMode":{"drawMode":0,"name":"Shaded","section":"Shading Mode"},"sceneLighting":false,"audioPlay":false,"sceneViewState":{"showFog":true,"showMaterialUpdate":true,"showSkybox":false,"showFlares":true,"showImageEffects":true,"showParticleSystems":true},"in2DMode":false,"pivot":{"x":959.941650390625,"y":539.6880493164063,"z":-0.07900354266166687},"rotation":{"x":0.12301349639892578,"y":-0.003808156121522188,"z":0.000426703569246456,"w":0.9924963116645813},"size":0.8014619946479797,"orthographic":false}