{"cameraMode":{"drawMode":0,"name":"Shaded","section":"Shading Mode"},"sceneLighting":false,"audioPlay":false,"sceneViewState":{"showFog":true,"showMaterialUpdate":true,"showSkybox":false,"showFlares":true,"showImageEffects":true,"showParticleSystems":true},"in2DMode":false,"pivot":{"x":-4.828457832336426,"y":1.9901783466339112,"z":-0.5336710810661316},"rotation":{"x":0.13782605528831483,"y":-0.027857208624482156,"z":0.00379633205011487,"w":0.9900925159454346},"size":0.3087722063064575,"orthographic":false}