{"cameraMode":{"drawMode":0,"name":"Shaded","section":"Shading Mode"},"sceneLighting":true,"audioPlay":false,"sceneViewState":{"showFog":true,"showMaterialUpdate":true,"showSkybox":true,"showFlares":true,"showImageEffects":true,"showParticleSystems":true},"in2DMode":false,"pivot":{"x":-1.7440268993377686,"y":1.4011805057525635,"z":-2.0093464851379396},"rotation":{"x":-0.14381985366344453,"y":0.004668928682804108,"z":-0.000649271416477859,"w":-0.9896500706672669},"size":1.5041979551315308,"orthographic":false}