{"cameraMode":{"drawMode":0,"name":"Shaded","section":"Shading Mode"},"sceneLighting":true,"audioPlay":false,"sceneViewState":{"showFog":true,"showMaterialUpdate":true,"showSkybox":true,"showFlares":true,"showImageEffects":true,"showParticleSystems":true},"in2DMode":false,"pivot":{"x":-2.365204334259033,"y":1.9202179908752442,"z":13.25916576385498},"rotation":{"x":-0.1630541980266571,"y":0.02244061604142189,"z":-0.003666739212349057,"w":-0.9864357709884644},"size":3.606795310974121,"orthographic":false}