{"cameraMode":{"drawMode":0,"name":"Shaded","section":"Shading Mode"},"sceneLighting":true,"audioPlay":false,"sceneViewState":{"showFog":true,"showMaterialUpdate":true,"showSkybox":true,"showFlares":true,"showImageEffects":true,"showParticleSystems":true},"in2DMode":false,"pivot":{"x":-8.368249893188477,"y":0.0699225589632988,"z":6.850935459136963},"rotation":{"x":0.19554854929447175,"y":0.005640837829560041,"z":-0.001128156203776598,"w":0.9807130098342896},"size":4.8922624588012699,"orthographic":false}