{"cameraMode":{"drawMode":0,"name":"Shaded","section":"Shading Mode"},"sceneLighting":true,"audioPlay":false,"sceneViewState":{"showFog":true,"showMaterialUpdate":true,"showSkybox":true,"showFlares":true,"showImageEffects":true,"showParticleSystems":true},"in2DMode":false,"pivot":{"x":-1.5075109004974366,"y":-0.2964973747730255,"z":4.153016090393066},"rotation":{"x":-0.17341238260269166,"y":-0.01688481867313385,"z":0.003065010765567422,"w":-0.9847455620765686},"size":6.993415355682373,"orthographic":false}