{"cameraMode":{"drawMode":0,"name":"Shaded","section":"Shading Mode"},"sceneLighting":true,"audioPlay":false,"sceneViewState":{"showFog":true,"showMaterialUpdate":true,"showSkybox":true,"showFlares":true,"showImageEffects":true,"showParticleSystems":true},"in2DMode":false,"pivot":{"x":-10.519999504089356,"y":1.2525825500488282,"z":4.865000247955322},"rotation":{"x":-0.26559966802597048,"y":0.0022798096761107446,"z":-0.0005352312000468373,"w":-0.9641307592391968},"size":1.0214242935180665,"orthographic":false}