{"cameraMode":{"drawMode":0,"name":"Shaded","section":"Shading Mode"},"sceneLighting":true,"audioPlay":false,"sceneViewState":{"showFog":true,"showMaterialUpdate":true,"showSkybox":true,"showFlares":true,"showImageEffects":true,"showParticleSystems":true},"in2DMode":false,"pivot":{"x":-14.265259742736817,"y":11.561531066894532,"z":30.65828514099121},"rotation":{"x":0.14198650419712068,"y":0.021673547104001046,"z":-0.0031174381729215385,"w":0.9896437525749207},"size":2.261073589324951,"orthographic":false}