{"cameraMode":{"drawMode":0,"name":"Shaded","section":"Shading Mode"},"sceneLighting":false,"audioPlay":false,"sceneViewState":{"showFog":true,"showMaterialUpdate":true,"showSkybox":false,"showFlares":true,"showImageEffects":true,"showParticleSystems":true},"in2DMode":false,"pivot":{"x":0.31248489022254946,"y":0.69291752576828,"z":-0.2872255742549896},"rotation":{"x":0.43926694989204409,"y":0.01243604440242052,"z":-0.00617104209959507,"w":0.8982873558998108},"size":0.3137344419956207,"orthographic":false}