{"cameraMode":{"drawMode":0,"name":"Shaded","section":"Shading Mode"},"sceneLighting":true,"audioPlay":false,"sceneViewState":{"showFog":true,"showMaterialUpdate":true,"showSkybox":true,"showFlares":true,"showImageEffects":true,"showParticleSystems":true},"in2DMode":false,"pivot":{"x":2.7279324531555177,"y":1.6946122646331788,"z":5.628079891204834},"rotation":{"x":-0.08869881927967072,"y":-0.006628221366554499,"z":0.0006540674366988242,"w":-0.9960909485816956},"size":2.9116384983062746,"orthographic":false}