{"cameraMode":{"drawMode":0,"name":"Shaded","section":"Shading Mode"},"sceneLighting":true,"audioPlay":false,"sceneViewState":{"showFog":true,"showMaterialUpdate":true,"showSkybox":true,"showFlares":true,"showImageEffects":true,"showParticleSystems":true},"in2DMode":false,"pivot":{"x":-3.780538320541382,"y":4.593081474304199,"z":-6.412777900695801},"rotation":{"x":0.14653342962265016,"y":0.05998553708195686,"z":-0.008867836557328701,"w":0.9874743223190308},"size":10.0,"orthographic":false}