{"cameraMode":{"drawMode":0,"name":"Shaded","section":"Shading Mode"},"sceneLighting":true,"audioPlay":false,"sceneViewState":{"showFog":true,"showMaterialUpdate":true,"showSkybox":true,"showFlares":true,"showImageEffects":true,"showParticleSystems":true},"in2DMode":false,"pivot":{"x":-1.165307879447937,"y":1.2183974981307984,"z":3.3931541442871095},"rotation":{"x":0.1542009562253952,"y":-0.00024601552286185324,"z":0.000030022869395907037,"w":0.9880753755569458},"size":4.8922624588012699,"orthographic":false}