{"cameraMode":{"drawMode":0,"name":"Shaded","section":"Shading Mode"},"sceneLighting":true,"audioPlay":false,"sceneViewState":{"showFog":true,"showMaterialUpdate":true,"showSkybox":true,"showFlares":true,"showImageEffects":true,"showParticleSystems":true},"in2DMode":false,"pivot":{"x":-5.056219577789307,"y":2.4389400482177736,"z":10.61538028717041},"rotation":{"x":0.1970265507698059,"y":0.012434303760528565,"z":-0.0024278440978378059,"w":0.9804366230964661},"size":3.1189897060394289,"orthographic":false}