{"cameraMode":{"drawMode":0,"name":"Shaded","section":"Shading Mode"},"sceneLighting":true,"audioPlay":false,"sceneViewState":{"showFog":true,"showMaterialUpdate":true,"showSkybox":true,"showFlares":true,"showImageEffects":true,"showParticleSystems":true},"in2DMode":false,"pivot":{"x":1.6384419202804566,"y":4.227009296417236,"z":8.080934524536133},"rotation":{"x":-0.24530228972434998,"y":0.00460424879565835,"z":-0.0011214236728847027,"w":-0.9695166349411011},"size":3.3041977882385256,"orthographic":false}