{"cameraMode":{"drawMode":0,"name":"Shaded","section":"Shading Mode"},"sceneLighting":true,"audioPlay":false,"sceneViewState":{"showFog":true,"showMaterialUpdate":true,"showSkybox":true,"showFlares":true,"showImageEffects":true,"showParticleSystems":true},"in2DMode":false,"pivot":{"x":-10.128999710083008,"y":3.549999952316284,"z":0.0430000014603138},"rotation":{"x":0.06921223551034928,"y":0.6641811728477478,"z":-0.061923880130052569,"w":0.7418356537818909},"size":10.0,"orthographic":false}