{"cameraMode":{"drawMode":0,"name":"Shaded","section":"Shading Mode"},"sceneLighting":false,"audioPlay":false,"sceneViewState":{"showFog":true,"showMaterialUpdate":true,"showSkybox":false,"showFlares":true,"showImageEffects":true,"showParticleSystems":true},"in2DMode":false,"pivot":{"x":-0.05328969657421112,"y":-0.18656808137893678,"z":0.2992296516895294},"rotation":{"x":0.003477495163679123,"y":0.9628872275352478,"z":-0.26959922909736636,"w":0.012420328333973885},"size":0.30698972940444949,"orthographic":false}