{"cameraMode":{"drawMode":0,"name":"Shaded","section":"Shading Mode"},"sceneLighting":true,"audioPlay":false,"sceneViewState":{"showFog":true,"showMaterialUpdate":true,"showSkybox":true,"showFlares":true,"showImageEffects":true,"showParticleSystems":true},"in2DMode":false,"pivot":{"x":-12.511524200439454,"y":5.980156421661377,"z":4.461509704589844},"rotation":{"x":0.3086724579334259,"y":-0.017910180613398553,"z":0.005827857181429863,"w":0.9511092305183411},"size":1.9649999141693116,"orthographic":false}