{"cameraMode":{"drawMode":0,"name":"Shaded","section":"Shading Mode"},"sceneLighting":false,"audioPlay":false,"sceneViewState":{"showFog":true,"showMaterialUpdate":true,"showSkybox":false,"showFlares":true,"showImageEffects":true,"showParticleSystems":true},"in2DMode":false,"pivot":{"x":-0.009104735217988491,"y":0.7189207673072815,"z":-0.004850208759307861},"rotation":{"x":0.046173274517059329,"y":0.00023614050587639213,"z":0.000047869569243630394,"w":-0.9990108609199524},"size":0.37196701765060427,"orthographic":false}