{"cameraMode":{"drawMode":0,"name":"Shaded","section":"Shading Mode"},"sceneLighting":true,"audioPlay":false,"sceneViewState":{"showFog":true,"showMaterialUpdate":true,"showSkybox":true,"showFlares":true,"showImageEffects":true,"showParticleSystems":true},"in2DMode":false,"pivot":{"x":2.303025245666504,"y":3.3564224243164064,"z":-2.7965497970581056},"rotation":{"x":0.17786327004432679,"y":-0.007625369820743799,"z":0.0013710357015952469,"w":0.9840611219406128},"size":4.8922624588012699,"orthographic":false}