{"cameraMode":{"drawMode":0,"name":"Shaded","section":"Shading Mode"},"sceneLighting":false,"audioPlay":false,"sceneViewState":{"showFog":true,"showMaterialUpdate":true,"showSkybox":false,"showFlares":true,"showImageEffects":true,"showParticleSystems":true},"in2DMode":false,"pivot":{"x":-17.372133255004884,"y":9.2112455368042,"z":39.60676193237305},"rotation":{"x":-0.0015734086045995355,"y":0.9969690442085266,"z":-0.07491319626569748,"w":-0.020939428359270097},"size":2.097174644470215,"orthographic":false}