{"cameraMode":{"drawMode":0,"name":"Shaded","section":"Shading Mode"},"sceneLighting":false,"audioPlay":false,"sceneViewState":{"showFog":true,"showMaterialUpdate":true,"showSkybox":false,"showFlares":true,"showImageEffects":true,"showParticleSystems":true},"in2DMode":false,"pivot":{"x":-0.6433748006820679,"y":0.39072224497795107,"z":-1.9957640171051026},"rotation":{"x":0.20144058763980866,"y":-0.0014092294732108713,"z":0.0002706593950279057,"w":0.979569673538208},"size":0.2827366590499878,"orthographic":false}