{"cameraMode":{"drawMode":0,"name":"Shaded","section":"Shading Mode"},"sceneLighting":false,"audioPlay":false,"sceneViewState":{"showFog":true,"showMaterialUpdate":true,"showSkybox":false,"showFlares":true,"showImageEffects":true,"showParticleSystems":true},"in2DMode":false,"pivot":{"x":-0.031898148357868198,"y":0.14955590665340424,"z":0.028641223907470704},"rotation":{"x":-0.046798236668109897,"y":-0.007277026306837797,"z":0.0003722025139722973,"w":-0.9989290833473206},"size":1.3300964832305909,"orthographic":false}