{"cameraMode":{"drawMode":0,"name":"Shaded","section":"Shading Mode"},"sceneLighting":false,"audioPlay":false,"sceneViewState":{"showFog":true,"showMaterialUpdate":true,"showSkybox":false,"showFlares":true,"showImageEffects":true,"showParticleSystems":true},"in2DMode":false,"pivot":{"x":0.2036883533000946,"y":1.3711153268814088,"z":-0.842433512210846},"rotation":{"x":0.33987969160079958,"y":-0.013773966580629349,"z":0.004893900360912085,"w":0.9403918981552124},"size":0.3138521909713745,"orthographic":false}