{"cameraMode":{"drawMode":0,"name":"Shaded","section":"Shading Mode"},"sceneLighting":true,"audioPlay":false,"sceneViewState":{"showFog":true,"showMaterialUpdate":true,"showSkybox":true,"showFlares":true,"showImageEffects":true,"showParticleSystems":true},"in2DMode":false,"pivot":{"x":2.6529972553253176,"y":2.582080602645874,"z":1.0481739044189454},"rotation":{"x":0.25981777906417849,"y":0.000057114124501822516,"z":-0.000038348625821527094,"w":0.9657314419746399},"size":2.919904947280884,"orthographic":false}