{"cameraMode":{"drawMode":0,"name":"Shaded","section":"Shading Mode"},"sceneLighting":true,"audioPlay":false,"sceneViewState":{"showFog":true,"showMaterialUpdate":true,"showSkybox":true,"showFlares":true,"showImageEffects":true,"showParticleSystems":true},"in2DMode":false,"pivot":{"x":-6.222227096557617,"y":4.211233615875244,"z":-6.0263237953186039},"rotation":{"x":-0.1438232660293579,"y":-0.0006426029722206295,"z":0.00015379584510810673,"w":-0.9896678328514099},"size":2.5059454441070558,"orthographic":false}