{"cameraMode":{"drawMode":0,"name":"Shaded","section":"Shading Mode"},"sceneLighting":true,"audioPlay":false,"sceneViewState":{"showFog":true,"showMaterialUpdate":true,"showSkybox":true,"showFlares":true,"showImageEffects":true,"showParticleSystems":true},"in2DMode":false,"pivot":{"x":-0.003957781009376049,"y":0.0024622026830911638,"z":0.2110927850008011},"rotation":{"x":0.0647749975323677,"y":0.0006646586116403341,"z":-0.00008573490049457178,"w":0.9979941248893738},"size":0.29605233669281008,"orthographic":false}