{"cameraMode":{"drawMode":0,"name":"Shaded","section":"Shading Mode"},"sceneLighting":true,"audioPlay":false,"sceneViewState":{"showFog":true,"showMaterialUpdate":true,"showSkybox":true,"showFlares":true,"showImageEffects":true,"showParticleSystems":true},"in2DMode":false,"pivot":{"x":-15.250131607055664,"y":11.975442886352539,"z":29.899066925048829},"rotation":{"x":0.12302324920892716,"y":0.0036553367972373964,"z":-0.0003653662570286542,"w":0.9925541281700134},"size":0.765000581741333,"orthographic":false}