{"cameraMode":{"drawMode":0,"name":"Shaded","section":"Shading Mode"},"sceneLighting":true,"audioPlay":false,"sceneViewState":{"showFog":true,"showMaterialUpdate":true,"showSkybox":true,"showFlares":true,"showImageEffects":true,"showParticleSystems":true},"in2DMode":false,"pivot":{"x":-6.989083766937256,"y":-4.211579322814941,"z":13.490925788879395},"rotation":{"x":-0.1867135763168335,"y":0.0049452390521764759,"z":-0.0009054926922544837,"w":-0.9824159741401672},"size":10.0,"orthographic":false}