{"cameraMode":{"drawMode":0,"name":"Shaded","section":"Shading Mode"},"sceneLighting":false,"audioPlay":false,"sceneViewState":{"showFog":true,"showMaterialUpdate":true,"showSkybox":false,"showFlares":true,"showImageEffects":true,"showParticleSystems":true},"in2DMode":false,"pivot":{"x":-0.00219649076461792,"y":0.0005778856575489044,"z":0.20865768194198609},"rotation":{"x":0.33987969160079958,"y":-0.013773966580629349,"z":0.004893900360912085,"w":0.9403918981552124},"size":0.30698972940444949,"orthographic":false}