{"cameraMode":{"drawMode":0,"name":"Shaded","section":"Shading Mode"},"sceneLighting":true,"audioPlay":false,"sceneViewState":{"showFog":true,"showMaterialUpdate":true,"showSkybox":true,"showFlares":true,"showImageEffects":true,"showParticleSystems":true},"in2DMode":false,"pivot":{"x":-6.289663791656494,"y":3.115037202835083,"z":-3.8136422634124758},"rotation":{"x":0.14230391383171082,"y":-0.022208746522665025,"z":0.0031741096172481777,"w":0.9896377921104431},"size":10.0,"orthographic":false}