{"cameraMode":{"drawMode":0,"name":"Shaded","section":"Shading Mode"},"sceneLighting":true,"audioPlay":false,"sceneViewState":{"showFog":true,"showMaterialUpdate":true,"showSkybox":true,"showFlares":true,"showImageEffects":true,"showParticleSystems":true},"in2DMode":false,"pivot":{"x":-4.818881988525391,"y":0.8697264790534973,"z":-0.4140990376472473},"rotation":{"x":0.17490948736667634,"y":0.001847239793278277,"z":-0.0003568942192941904,"w":0.9845836162567139},"size":1.4212939739227296,"orthographic":false}