{"cameraMode":{"drawMode":0,"name":"Shaded","section":"Shading Mode"},"sceneLighting":false,"audioPlay":false,"sceneViewState":{"showFog":true,"showMaterialUpdate":true,"showSkybox":false,"showFlares":true,"showImageEffects":true,"showParticleSystems":true},"in2DMode":false,"pivot":{"x":0.018551306799054147,"y":-1.720385193824768,"z":0.4157146215438843},"rotation":{"x":-0.3058301508426666,"y":0.01021568477153778,"z":-0.0032305067870765926,"w":-0.9520713090896606},"size":1.8157827854156495,"orthographic":false}