{"cameraMode":{"drawMode":0,"name":"Shaded","section":"Shading Mode"},"sceneLighting":true,"audioPlay":false,"sceneViewState":{"showFog":true,"showMaterialUpdate":true,"showSkybox":true,"showFlares":true,"showImageEffects":true,"showParticleSystems":true},"in2DMode":false,"pivot":{"x":-0.17601706087589265,"y":1.6746559143066407,"z":7.794652462005615},"rotation":{"x":0.005289048887789249,"y":0.9797657132148743,"z":-0.19841529428958894,"w":0.02613811194896698},"size":0.7650001049041748,"orthographic":false}