{"cameraMode":{"drawMode":0,"name":"Shaded","section":"Shading Mode"},"sceneLighting":true,"audioPlay":false,"sceneViewState":{"showFog":true,"showMaterialUpdate":true,"showSkybox":true,"showFlares":true,"showImageEffects":true,"showParticleSystems":true},"in2DMode":false,"pivot":{"x":2.6529479026794435,"y":2.574193239212036,"z":1.0482423305511475},"rotation":{"x":0.29691553115844729,"y":-0.01744319684803486,"z":0.005464653018862009,"w":0.9547757506370544},"size":2.9221010208129885,"orthographic":false}