{"cameraMode":{"drawMode":0,"name":"Shaded","section":"Shading Mode"},"sceneLighting":false,"audioPlay":false,"sceneViewState":{"showFog":true,"showMaterialUpdate":true,"showSkybox":false,"showFlares":true,"showImageEffects":true,"showParticleSystems":true},"in2DMode":false,"pivot":{"x":-0.05872470140457153,"y":-0.13449358940124513,"z":-0.8320848941802979},"rotation":{"x":-0.175999715924263,"y":0.02922644093632698,"z":-0.005227792542427778,"w":-0.9839432835578919},"size":0.30698972940444949,"orthographic":false}