{"cameraMode":{"drawMode":0,"name":"Shaded","section":"Shading Mode"},"sceneLighting":true,"audioPlay":false,"sceneViewState":{"showFog":true,"showMaterialUpdate":true,"showSkybox":true,"showFlares":true,"showImageEffects":true,"showParticleSystems":true},"in2DMode":false,"pivot":{"x":-16.36395263671875,"y":-37.02873992919922,"z":115.17399597167969},"rotation":{"x":0.22244971990585328,"y":0.2588092088699341,"z":-0.06137695163488388,"w":0.9381547570228577},"size":117.76380920410156,"orthographic":false}