{"cameraMode":{"drawMode":0,"name":"Shaded","section":"Shading Mode"},"sceneLighting":true,"audioPlay":false,"sceneViewState":{"showFog":true,"showMaterialUpdate":true,"showSkybox":true,"showFlares":true,"showImageEffects":true,"showParticleSystems":true},"in2DMode":false,"pivot":{"x":-16.57539939880371,"y":21.765480041503908,"z":40.55680465698242},"rotation":{"x":-0.2593381404876709,"y":0.03561434894800186,"z":-0.00955290999263525,"w":-0.9651617407798767},"size":10.0,"orthographic":false}