{"cameraMode":{"drawMode":0,"name":"Shaded","section":"Shading Mode"},"sceneLighting":false,"audioPlay":false,"sceneViewState":{"showFog":true,"showMaterialUpdate":true,"showSkybox":false,"showFlares":true,"showImageEffects":true,"showParticleSystems":true},"in2DMode":false,"pivot":{"x":3.59523868560791,"y":5.3640336990356449,"z":-9.775726318359375},"rotation":{"x":-0.10798262059688568,"y":0.32077521085739138,"z":-0.03678067773580551,"w":-0.9403502345085144},"size":1.1967633962631226,"orthographic":false}