{"cameraMode":{"drawMode":0,"name":"Shaded","section":"Shading Mode"},"sceneLighting":false,"audioPlay":false,"sceneViewState":{"showFog":true,"showMaterialUpdate":true,"showSkybox":false,"showFlares":true,"showImageEffects":true,"showParticleSystems":true},"in2DMode":false,"pivot":{"x":4.290815353393555,"y":5.574089050292969,"z":-9.837221145629883},"rotation":{"x":-0.20931266248226167,"y":0.09249977022409439,"z":-0.01984676904976368,"w":-0.9733484983444214},"size":1.1967633962631226,"orthographic":false}