{"cameraMode":{"drawMode":0,"name":"Shaded","section":"Shading Mode"},"sceneLighting":false,"audioPlay":false,"sceneViewState":{"showFog":true,"showMaterialUpdate":true,"showSkybox":false,"showFlares":true,"showImageEffects":true,"showParticleSystems":true},"in2DMode":false,"pivot":{"x":6.230509281158447,"y":5.286221504211426,"z":-6.789909839630127},"rotation":{"x":-0.20723320543766023,"y":-0.027637328952550889,"z":0.0058999317698180679,"w":-0.9779700636863709},"size":1.5041979551315308,"orthographic":false}