{"cameraMode":{"drawMode":0,"name":"Shaded","section":"Shading Mode"},"sceneLighting":true,"audioPlay":false,"sceneViewState":{"showFog":true,"showMaterialUpdate":true,"showSkybox":true,"showFlares":true,"showImageEffects":true,"showParticleSystems":true},"in2DMode":false,"pivot":{"x":-4.359524726867676,"y":4.910871505737305,"z":18.463932037353517},"rotation":{"x":0.22244971990585328,"y":0.2588092088699341,"z":-0.06137695163488388,"w":0.9381547570228577},"size":24.3515682220459,"orthographic":false}