{"cameraMode":{"drawMode":0,"name":"Shaded","section":"Shading Mode"},"sceneLighting":false,"audioPlay":false,"sceneViewState":{"showFog":true,"showMaterialUpdate":true,"showSkybox":false,"showFlares":true,"showImageEffects":true,"showParticleSystems":true},"in2DMode":false,"pivot":{"x":-0.10338416695594788,"y":0.8374888896942139,"z":-0.4721808135509491},"rotation":{"x":-0.10361781716346741,"y":-0.01619204692542553,"z":0.0017433353932574392,"w":-0.9945281744003296},"size":0.34177058935165408,"orthographic":false}