{"cameraMode":{"drawMode":0,"name":"Shaded","section":"Shading Mode"},"sceneLighting":false,"audioPlay":false,"sceneViewState":{"showFog":true,"showMaterialUpdate":true,"showSkybox":false,"showFlares":true,"showImageEffects":true,"showParticleSystems":true},"in2DMode":false,"pivot":{"x":0.4094583988189697,"y":0.0005778856575489044,"z":-0.07962983846664429},"rotation":{"x":-0.3058301508426666,"y":0.01021568477153778,"z":-0.0032305067870765926,"w":-0.9520713090896606},"size":0.34177058935165408,"orthographic":false}