{"cameraMode":{"drawMode":0,"name":"Shaded","section":"Shading Mode"},"sceneLighting":true,"audioPlay":false,"sceneViewState":{"showFog":true,"showMaterialUpdate":true,"showSkybox":true,"showFlares":true,"showImageEffects":true,"showParticleSystems":true},"in2DMode":false,"pivot":{"x":942.4419555664063,"y":540.0,"z":-0.000011086463928222656},"rotation":{"x":0.0647749975323677,"y":0.0006646586116403341,"z":-0.00008573490049457178,"w":0.9979941248893738},"size":1116.7899169921875,"orthographic":false}