{"cameraMode":{"drawMode":0,"name":"Shaded","section":"Shading Mode"},"sceneLighting":true,"audioPlay":false,"sceneViewState":{"showFog":true,"showMaterialUpdate":true,"showSkybox":true,"showFlares":true,"showImageEffects":true,"showParticleSystems":true},"in2DMode":false,"pivot":{"x":-4.962325572967529,"y":0.8876183032989502,"z":1.291121482849121},"rotation":{"x":-0.23218479752540589,"y":0.002296499675139785,"z":-0.00045552296796813607,"w":-0.9727145433425903},"size":3.1002132892608644,"orthographic":false}