{"cameraMode":{"drawMode":0,"name":"Shaded","section":"Shading Mode"},"sceneLighting":false,"audioPlay":false,"sceneViewState":{"showFog":true,"showMaterialUpdate":true,"showSkybox":false,"showFlares":true,"showImageEffects":true,"showParticleSystems":true},"in2DMode":false,"pivot":{"x":-0.0759577751159668,"y":0.0024622101336717607,"z":0.2110927850008011},"rotation":{"x":-0.41356995701789858,"y":-0.19108432531356812,"z":0.08923740684986115,"w":-0.8857985734939575},"size":0.29605236649513247,"orthographic":false}