{"cameraMode":{"drawMode":0,"name":"Shaded","section":"Shading Mode"},"sceneLighting":false,"audioPlay":false,"sceneViewState":{"showFog":true,"showMaterialUpdate":true,"showSkybox":false,"showFlares":true,"showImageEffects":true,"showParticleSystems":true},"in2DMode":false,"pivot":{"x":0.9373600482940674,"y":1.9581975936889649,"z":2.9582831859588625},"rotation":{"x":0.11672583222389221,"y":0.011319848708808422,"z":-0.001330284751020372,"w":0.9931001663208008},"size":2.2610738277435304,"orthographic":false}