{"cameraMode":{"drawMode":0,"name":"Shaded","section":"Shading Mode"},"sceneLighting":true,"audioPlay":false,"sceneViewState":{"showFog":true,"showMaterialUpdate":true,"showSkybox":true,"showFlares":true,"showImageEffects":true,"showParticleSystems":true},"in2DMode":false,"pivot":{"x":-0.9947700500488281,"y":-0.3569211959838867,"z":1.5808086395263672},"rotation":{"x":-0.08470944315195084,"y":0.9108864068984985,"z":-0.2348298579454422,"w":-0.3285813629627228},"size":9.320501327514649,"orthographic":false}