{"cameraMode":{"drawMode":0,"name":"Shaded","section":"Shading Mode"},"sceneLighting":true,"audioPlay":false,"sceneViewState":{"showFog":true,"showMaterialUpdate":true,"showSkybox":true,"showFlares":true,"showImageEffects":true,"showParticleSystems":true},"in2DMode":false,"pivot":{"x":-16.579999923706056,"y":8.917661666870118,"z":40.52000045776367},"rotation":{"x":0.002998610492795706,"y":-0.023100728169083597,"z":0.000041347422666149214,"w":0.9997538924217224},"size":17.322784423828126,"orthographic":false}