{"cameraMode":{"drawMode":0,"name":"Shaded","section":"Shading Mode"},"sceneLighting":false,"audioPlay":false,"sceneViewState":{"showFog":true,"showMaterialUpdate":true,"showSkybox":false,"showFlares":true,"showImageEffects":true,"showParticleSystems":true},"in2DMode":false,"pivot":{"x":0.3246726989746094,"y":-0.4801386296749115,"z":-0.1403036117553711},"rotation":{"x":0.14528943598270417,"y":-0.01626393012702465,"z":0.002368450164794922,"w":0.9893278479576111},"size":0.89634770154953,"orthographic":false}