{"cameraMode":{"drawMode":0,"name":"Shaded","section":"Shading Mode"},"sceneLighting":false,"audioPlay":false,"sceneViewState":{"showFog":true,"showMaterialUpdate":true,"showSkybox":false,"showFlares":true,"showImageEffects":true,"showParticleSystems":true},"in2DMode":false,"pivot":{"x":20.795387268066408,"y":-2.587782144546509,"z":-4.567509174346924},"rotation":{"x":0.1834735870361328,"y":0.7777945399284363,"z":-0.2640616297721863,"w":0.5402846932411194},"size":8.962099075317383,"orthographic":false}