{"cameraMode":{"drawMode":0,"name":"Shaded","section":"Shading Mode"},"sceneLighting":false,"audioPlay":false,"sceneViewState":{"showFog":true,"showMaterialUpdate":true,"showSkybox":false,"showFlares":true,"showImageEffects":true,"showParticleSystems":true},"in2DMode":false,"pivot":{"x":0.025303509086370469,"y":0.0005778856575489044,"z":0.20865768194198609},"rotation":{"x":-0.41356995701789858,"y":-0.19108432531356812,"z":0.08923740684986115,"w":-0.8857985734939575},"size":0.33503034710884097,"orthographic":false}