{"cameraMode":{"drawMode":0,"name":"Shaded","section":"Shading Mode"},"sceneLighting":false,"audioPlay":false,"sceneViewState":{"showFog":true,"showMaterialUpdate":true,"showSkybox":false,"showFlares":true,"showImageEffects":true,"showParticleSystems":true},"in2DMode":false,"pivot":{"x":-3.251160144805908,"y":1.9241278171539307,"z":-3.6677398681640627},"rotation":{"x":0.48942530155181887,"y":-0.013604885898530484,"z":0.007636293303221464,"w":0.8719059228897095},"size":8.274940490722657,"orthographic":false}