{"cameraMode":{"drawMode":0,"name":"Shaded","section":"Shading Mode"},"sceneLighting":false,"audioPlay":false,"sceneViewState":{"showFog":true,"showMaterialUpdate":true,"showSkybox":false,"showFlares":true,"showImageEffects":true,"showParticleSystems":true},"in2DMode":false,"pivot":{"x":-16.57263946533203,"y":19.718196868896486,"z":40.578285217285159},"rotation":{"x":0.22595147788524629,"y":0.02571156993508339,"z":-0.005965874530375004,"w":0.9737827777862549},"size":2.261073589324951,"orthographic":false}