{"cameraMode":{"drawMode":0,"name":"Shaded","section":"Shading Mode"},"sceneLighting":true,"audioPlay":false,"sceneViewState":{"showFog":true,"showMaterialUpdate":true,"showSkybox":true,"showFlares":true,"showImageEffects":true,"showParticleSystems":true},"in2DMode":false,"pivot":{"x":959.9999389648438,"y":531.0,"z":-1.527678370475769},"rotation":{"x":0.15236635506153108,"y":-0.021348951384425165,"z":0.003290703985840082,"w":0.988092303276062},"size":1379.904296875,"orthographic":false}