{"cameraMode":{"drawMode":0,"name":"Shaded","section":"Shading Mode"},"sceneLighting":true,"audioPlay":false,"sceneViewState":{"showFog":true,"showMaterialUpdate":true,"showSkybox":true,"showFlares":true,"showImageEffects":true,"showParticleSystems":true},"in2DMode":false,"pivot":{"x":-11.63839340209961,"y":1.0303174257278443,"z":-0.6600772142410278},"rotation":{"x":0.0647749975323677,"y":0.0006646586116403341,"z":-0.00008573490049457178,"w":0.9979941248893738},"size":1.4227957725524903,"orthographic":false}