{"cameraMode":{"drawMode":0,"name":"Shaded","section":"Shading Mode"},"sceneLighting":false,"audioPlay":false,"sceneViewState":{"showFog":true,"showMaterialUpdate":true,"showSkybox":false,"showFlares":true,"showImageEffects":true,"showParticleSystems":true},"in2DMode":false,"pivot":{"x":990.2993774414063,"y":616.7184448242188,"z":0.0},"rotation":{"x":-0.04679926112294197,"y":-0.0012837674003094435,"z":0.00008912174234865233,"w":-0.9989615082740784},"size":512.4423217773438,"orthographic":false}