{"cameraMode":{"drawMode":0,"name":"Shaded","section":"Shading Mode"},"sceneLighting":false,"audioPlay":false,"sceneViewState":{"showFog":true,"showMaterialUpdate":true,"showSkybox":false,"showFlares":true,"showImageEffects":true,"showParticleSystems":true},"in2DMode":false,"pivot":{"x":-8.130000114440918,"y":5.010000228881836,"z":18.84000015258789},"rotation":{"x":0.14795608818531037,"y":0.002368553075939417,"z":-0.0003737644583452493,"w":0.9890133738517761},"size":21.122087478637697,"orthographic":false}