{"cameraMode":{"drawMode":0,"name":"Shaded","section":"Shading Mode"},"sceneLighting":false,"audioPlay":false,"sceneViewState":{"showFog":true,"showMaterialUpdate":true,"showSkybox":false,"showFlares":true,"showImageEffects":true,"showParticleSystems":true},"in2DMode":false,"pivot":{"x":-16.676294326782228,"y":10.103517532348633,"z":41.70244216918945},"rotation":{"x":-0.0016160906525328756,"y":-0.9916179180145264,"z":0.12863317131996156,"w":-0.012489395216107369},"size":0.8231690526008606,"orthographic":false}