{"cameraMode":{"drawMode":0,"name":"Shaded","section":"Shading Mode"},"sceneLighting":false,"audioPlay":false,"sceneViewState":{"showFog":true,"showMaterialUpdate":true,"showSkybox":false,"showFlares":true,"showImageEffects":true,"showParticleSystems":true},"in2DMode":false,"pivot":{"x":3.120509147644043,"y":5.286221504211426,"z":-5.279909610748291},"rotation":{"x":-0.10960070788860321,"y":0.0047139208763837818,"z":-0.0004827108059544116,"w":-0.994041919708252},"size":1.5041977167129517,"orthographic":false}