{"cameraMode":{"drawMode":0,"name":"Shaded","section":"Shading Mode"},"sceneLighting":false,"audioPlay":false,"sceneViewState":{"showFog":true,"showMaterialUpdate":true,"showSkybox":false,"showFlares":true,"showImageEffects":true,"showParticleSystems":true},"in2DMode":false,"pivot":{"x":3.642483711242676,"y":4.852705955505371,"z":-9.5503568649292},"rotation":{"x":-0.11499326676130295,"y":0.28509292006492617,"z":-0.03441996872425079,"w":-0.9510429501533508},"size":1.1967633962631226,"orthographic":false}