{"cameraMode":{"drawMode":0,"name":"Shaded","section":"Shading Mode"},"sceneLighting":true,"audioPlay":false,"sceneViewState":{"showFog":true,"showMaterialUpdate":true,"showSkybox":true,"showFlares":true,"showImageEffects":true,"showParticleSystems":true},"in2DMode":false,"pivot":{"x":-4.9449462890625,"y":2.1028480529785158,"z":0.17583799362182618},"rotation":{"x":0.3100062310695648,"y":-0.025312282145023347,"z":0.008227053098380566,"w":0.9503628611564636},"size":4.121293544769287,"orthographic":false}