{"cameraMode":{"drawMode":0,"name":"Shaded","section":"Shading Mode"},"sceneLighting":true,"audioPlay":false,"sceneViewState":{"showFog":true,"showMaterialUpdate":true,"showSkybox":true,"showFlares":true,"showImageEffects":true,"showParticleSystems":true},"in2DMode":false,"pivot":{"x":-16.10344123840332,"y":7.567410469055176,"z":47.09253692626953},"rotation":{"x":0.21285846829414369,"y":0.0023431521840393545,"z":-0.0005105253076180816,"w":0.9770820140838623},"size":7.925906181335449,"orthographic":false}